name,iterations,real_time,cpu_time,time_unit,bytes_per_second,items_per_second,label,error_occurred,error_message
"BM_UFlat/0/1",35942,19470.8,19470.5,ns,5.25924e+09,,"html",,
"BM_UFlat/0/2",39543,17697.6,17696.9,ns,5.78631e+09,,"html",,
"BM_UFlat/1/1",3269,213771,213765,ns,3.28439e+09,,"urls",,
"BM_UFlat/1/2",3502,199587,199582,ns,3.51778e+09,,"urls",,
"BM_UFlat/2/1",427068,1638.99,1638.97,ns,7.51039e+10,,"jpg",,
"BM_UFlat/2/2",432398,1619.04,1619.02,ns,7.60293e+10,,"jpg",,
"BM_UFlat/3/1",9274439,75.4661,75.4646,ns,2.65025e+09,,"jpg_200",,
"BM_UFlat/3/2",9707600,72.0945,72.0936,ns,2.77417e+09,,"jpg_200",,
"BM_UFlat/4/1",234606,2982.04,2982,ns,3.43394e+10,,"pdf",,
"BM_UFlat/4/2",111585,6258.12,6258.05,ns,1.63629e+10,,"pdf",,
"BM_UFlat/5/1",8949,78162.4,78161.1,ns,5.24046e+09,,"html4",,
"BM_UFlat/5/2",9887,70753.2,70752.2,ns,5.78922e+09,,"html4",,
"BM_UFlat/6/1",8291,84429.5,84428.4,ns,1.8014e+09,,"txt1",,
"BM_UFlat/6/2",9218,75928.2,75927.2,ns,2.00309e+09,,"txt1",,
"BM_UFlat/7/1",9493,73733.8,73732.7,ns,1.69774e+09,,"txt2",,
"BM_UFlat/7/2",10209,68559,68558.4,ns,1.82587e+09,,"txt2",,
"BM_UFlat/8/1",3178,220246,220241,ns,1.93767e+09,,"txt3",,
"BM_UFlat/8/2",3570,196084,196083,ns,2.1764e+09,,"txt3",,
"BM_UFlat/9/1",2310,303403,303399,ns,1.58821e+09,,"txt4",,
"BM_UFlat/9/2",2495,282231,282227,ns,1.70735e+09,,"txt4",,
"BM_UFlat/10/1",41598,16829,16828.8,ns,7.04675e+09,,"pb",,
"BM_UFlat/10/2",44694,15642.2,15642.1,ns,7.58136e+09,,"pb",,
"BM_UFlat/11/1",8531,81984.1,81982.9,ns,2.24827e+09,,"gaviota",,
"BM_UFlat/11/2",11012,63499.3,63498.7,ns,2.90274e+09,,"gaviota",,
"BM_UFlatMedley",627,1.1136e+06,1.11357e+06,ns,2.6299e+09,,,,
"BM_UFlatSink/0/1",36475,19225.1,19224.7,ns,5.32648e+09,,"html",,
"BM_UFlatSink/0/2",40218,17389.3,17389.2,ns,5.88871e+09,,"html",,
"BM_UFlatSink/1/1",3271,213541,213537,ns,3.28789e+09,,"urls",,
"BM_UFlatSink/1/2",3505,199308,199305,ns,3.52268e+09,,"urls",,
"BM_UFlatSink/2/1",429637,1629.95,1629.91,ns,7.55216e+10,,"jpg",,
"BM_UFlatSink/2/2",430713,1624.19,1624.15,ns,7.5789e+10,,"jpg",,
"BM_UFlatSink/3/1",9028337,77.5477,77.546,ns,2.57911e+09,,"jpg_200",,
"BM_UFlatSink/3/2",9478209,73.8499,73.8492,ns,2.70822e+09,,"jpg_200",,
"BM_UFlatSink/4/1",234048,2989.13,2989.07,ns,3.42582e+10,,"pdf",,
"BM_UFlatSink/4/2",112454,6224.61,6224.53,ns,1.6451e+10,,"pdf",,
"BM_UFlatSink/5/1",9021,77541.6,77540.1,ns,5.28243e+09,,"html4",,
"BM_UFlatSink/5/2",9958,70195.9,70194.9,ns,5.83518e+09,,"html4",,
"BM_UFlatSink/6/1",8400,83325.7,83323.6,ns,1.82528e+09,,"txt1",,
"BM_UFlatSink/6/2",9341,74929.1,74927.8,ns,2.02981e+09,,"txt1",,
"BM_UFlatSink/7/1",9568,73155.7,73154.3,ns,1.71116e+09,,"txt2",,
"BM_UFlatSink/7/2",10378,67473.4,67472.5,ns,1.85526e+09,,"txt2",,
"BM_UFlatSink/8/1",3189,219451,219448,ns,1.94467e+09,,"txt3",,
"BM_UFlatSink/8/2",3578,195625,195624,ns,2.18151e+09,,"txt3",,
"BM_UFlatSink/9/1",2315,302363,302358,ns,1.59368e+09,,"txt4",,
"BM_UFlatSink/9/2",2487,281383,281380,ns,1.71249e+09,,"txt4",,
"BM_UFlatSink/10/1",41813,16751,16750.7,ns,7.07957e+09,,"pb",,
"BM_UFlatSink/10/2",45448,15400.4,15400.2,ns,7.70041e+09,,"pb",,
"BM_UFlatSink/11/1",8603,81339.5,81337.6,ns,2.26611e+09,,"gaviota",,
"BM_UFlatSink/11/2",11200,62492.6,62491.8,ns,2.94951e+09,,"gaviota",,
"BM_ZFlat/0/1",17544,39846.7,39846.4,ns,2.56987e+09,,"html (22.12 %)",,
"BM_ZFlat/0/2",11634,58368,58367.8,ns,1.75439e+09,,"html (20.70 %)",,
"BM_ZFlat/1/1",770,900983,900960,ns,7.79266e+08,,"urls (47.28 %)",,
"BM_ZFlat/1/2",595,1.16894e+06,1.16889e+06,ns,6.00642e+08,,"urls (45.43 %)",,
"BM_ZFlat/2/1",216818,3228.77,3228.68,ns,3.81248e+10,,"jpg (99.95 %)",,
"BM_ZFlat/2/2",27268,25661.2,25660.6,ns,4.79697e+09,,"jpg (99.95 %)",,
"BM_ZFlat/3/1",4456050,157.11,157.109,ns,1.273e+09,,"jpg_200 (73.00 %)",,
"BM_ZFlat/3/2",2914455,240.189,240.184,ns,8.32695e+08,,"jpg_200 (72.50 %)",,
"BM_ZFlat/4/1",111550,6272.79,6272.73,ns,1.63246e+10,,"pdf (83.31 %)",,
"BM_ZFlat/4/2",6654,104890,104889,ns,9.76275e+08,,"pdf (80.99 %)",,
"BM_ZFlat/5/1",3324,206716,206714,ns,1.98148e+09,,"html4 (22.40 %)",,
"BM_ZFlat/5/2",2319,298277,298270,ns,1.37325e+09,,"html4 (20.82 %)",,
"BM_ZFlat/6/1",3103,223575,223571,ns,6.80273e+08,,"txt1 (57.09 %)",,
"BM_ZFlat/6/2",1807,385010,385007,ns,3.95029e+08,,"txt1 (52.31 %)",,
"BM_ZFlat/7/1",3658,189312,189311,ns,6.61236e+08,,"txt2 (61.13 %)",,
"BM_ZFlat/7/2",2042,339173,339167,ns,3.69078e+08,,"txt2 (56.77 %)",,
"BM_ZFlat/8/1",927,744834,744826,ns,5.72958e+08,,"txt3 (54.50 %)",,
"BM_ZFlat/8/2",649,1.07205e+06,1.07204e+06,ns,3.98077e+08,,"txt3 (49.40 %)",,
"BM_ZFlat/9/1",677,1.0279e+06,1.02788e+06,ns,4.68792e+08,,"txt4 (65.46 %)",,
"BM_ZFlat/9/2",470,1.48426e+06,1.48425e+06,ns,3.24649e+08,,"txt4 (60.99 %)",,
"BM_ZFlat/10/1",19890,35171.2,35170.8,ns,3.37177e+09,,"pb (19.51 %)",,
"BM_ZFlat/10/2",13237,52145.8,52145.3,ns,2.27419e+09,,"pb (18.33 %)",,
"BM_ZFlat/11/1",3278,210965,210963,ns,8.73707e+08,,"gaviota (37.66 %)",,
"BM_ZFlat/11/2",2371,290624,290621,ns,6.34228e+08,,"gaviota (31.21 %)",,
"BM_ZFlatAll/1",174,4.02416e+06,4.02405e+06,ns,7.27768e+08,,"12 kTestDataFiles",,
"BM_ZFlatAll/2",125,5.55516e+06,5.55496e+06,ns,5.27199e+08,,"12 kTestDataFiles",,
"BM_ZFlatIncreasingTableSize/1",20417,34276.5,34276,ns,1.90454e+09,,"8 tables",,
"BM_ZFlatIncreasingTableSize/2",13241,52852.2,52850.6,ns,1.23518e+09,,"8 tables",,
